collection,token_display,token_onchain,ipfs_file,local_file,price_usd,thumb_url,ipfs_url
coffee,1,0,0.jpg,coffee-001.webp,$20,https://wsrv.nl/?url=https%3A%2F%2Fnftstorage.link%2Fipfs%2Fbafybeicvcsnhemudkvyyd2wwf6hdwhcc4h3rd6gu4i2v57afbhjjo4nqlq%2F0.jpg&w=240&q=80&output=webp,https://nftstorage.link/ipfs/bafybeicvcsnhemudkvyyd2wwf6hdwhcc4h3rd6gu4i2v57afbhjjo4nqlq/0.jpg
coffee,2,1,1.jpg,coffee-002.webp,$20,https://wsrv.nl/?url=https%3A%2F%2Fnftstorage.link%2Fipfs%2Fbafybeicvcsnhemudkvyyd2wwf6hdwhcc4h3rd6gu4i2v57afbhjjo4nqlq%2F1.jpg&w=240&q=80&output=webp,https://nftstorage.link/ipfs/bafybeicvcsnhemudkvyyd2wwf6hdwhcc4h3rd6gu4i2v57afbhjjo4nqlq/1.jpg
coffee,3,2,2.jpg,coffee-003.webp,$20,https://wsrv.nl/?url=https%3A%2F%2Fnftstorage.link%2Fipfs%2Fbafybeicvcsnhemudkvyyd2wwf6hdwhcc4h3rd6gu4i2v57afbhjjo4nqlq%2F2.jpg&w=240&q=80&output=webp,https://nftstorage.link/ipfs/bafybeicvcsnhemudkvyyd2wwf6hdwhcc4h3rd6gu4i2v57afbhjjo4nqlq/2.jpg
coffee,4,3,3.jpg,coffee-004.webp,$20,https://wsrv.nl/?url=https%3A%2F%2Fnftstorage.link%2Fipfs%2Fbafybeicvcsnhemudkvyyd2wwf6hdwhcc4h3rd6gu4i2v57afbhjjo4nqlq%2F3.jpg&w=240&q=80&output=webp,https://nftstorage.link/ipfs/bafybeicvcsnhemudkvyyd2wwf6hdwhcc4h3rd6gu4i2v57afbhjjo4nqlq/3.jpg
coffee,5,4,4.jpg,coffee-005.webp,$20,https://wsrv.nl/?url=https%3A%2F%2Fnftstorage.link%2Fipfs%2Fbafybeicvcsnhemudkvyyd2wwf6hdwhcc4h3rd6gu4i2v57afbhjjo4nqlq%2F4.jpg&w=240&q=80&output=webp,https://nftstorage.link/ipfs/bafybeicvcsnhemudkvyyd2wwf6hdwhcc4h3rd6gu4i2v57afbhjjo4nqlq/4.jpg
coffee,6,5,5.jpg,coffee-006.webp,$20,https://wsrv.nl/?url=https%3A%2F%2Fnftstorage.link%2Fipfs%2Fbafybeicvcsnhemudkvyyd2wwf6hdwhcc4h3rd6gu4i2v57afbhjjo4nqlq%2F5.jpg&w=240&q=80&output=webp,https://nftstorage.link/ipfs/bafybeicvcsnhemudkvyyd2wwf6hdwhcc4h3rd6gu4i2v57afbhjjo4nqlq/5.jpg
coffee,7,6,6.jpg,coffee-007.webp,$20,https://wsrv.nl/?url=https%3A%2F%2Fnftstorage.link%2Fipfs%2Fbafybeicvcsnhemudkvyyd2wwf6hdwhcc4h3rd6gu4i2v57afbhjjo4nqlq%2F6.jpg&w=240&q=80&output=webp,https://nftstorage.link/ipfs/bafybeicvcsnhemudkvyyd2wwf6hdwhcc4h3rd6gu4i2v57afbhjjo4nqlq/6.jpg
coffee,8,7,7.jpg,coffee-008.webp,$20,https://wsrv.nl/?url=https%3A%2F%2Fnftstorage.link%2Fipfs%2Fbafybeicvcsnhemudkvyyd2wwf6hdwhcc4h3rd6gu4i2v57afbhjjo4nqlq%2F7.jpg&w=240&q=80&output=webp,https://nftstorage.link/ipfs/bafybeicvcsnhemudkvyyd2wwf6hdwhcc4h3rd6gu4i2v57afbhjjo4nqlq/7.jpg
coffee,9,8,8.jpg,coffee-009.webp,$20,https://wsrv.nl/?url=https%3A%2F%2Fnftstorage.link%2Fipfs%2Fbafybeicvcsnhemudkvyyd2wwf6hdwhcc4h3rd6gu4i2v57afbhjjo4nqlq%2F8.jpg&w=240&q=80&output=webp,https://nftstorage.link/ipfs/bafybeicvcsnhemudkvyyd2wwf6hdwhcc4h3rd6gu4i2v57afbhjjo4nqlq/8.jpg
coffee,10,9,9.jpg,coffee-010.webp,$20,https://wsrv.nl/?url=https%3A%2F%2Fnftstorage.link%2Fipfs%2Fbafybeicvcsnhemudkvyyd2wwf6hdwhcc4h3rd6gu4i2v57afbhjjo4nqlq%2F9.jpg&w=240&q=80&output=webp,https://nftstorage.link/ipfs/bafybeicvcsnhemudkvyyd2wwf6hdwhcc4h3rd6gu4i2v57afbhjjo4nqlq/9.jpg
coffee,11,10,10.jpg,coffee-011.webp,$20,https://wsrv.nl/?url=https%3A%2F%2Fnftstorage.link%2Fipfs%2Fbafybeicvcsnhemudkvyyd2wwf6hdwhcc4h3rd6gu4i2v57afbhjjo4nqlq%2F10.jpg&w=240&q=80&output=webp,https://nftstorage.link/ipfs/bafybeicvcsnhemudkvyyd2wwf6hdwhcc4h3rd6gu4i2v57afbhjjo4nqlq/10.jpg
coffee,12,11,11.jpg,coffee-012.webp,$20,https://wsrv.nl/?url=https%3A%2F%2Fnftstorage.link%2Fipfs%2Fbafybeicvcsnhemudkvyyd2wwf6hdwhcc4h3rd6gu4i2v57afbhjjo4nqlq%2F11.jpg&w=240&q=80&output=webp,https://nftstorage.link/ipfs/bafybeicvcsnhemudkvyyd2wwf6hdwhcc4h3rd6gu4i2v57afbhjjo4nqlq/11.jpg
coffee,13,12,12.jpg,coffee-013.webp,$20,https://wsrv.nl/?url=https%3A%2F%2Fnftstorage.link%2Fipfs%2Fbafybeicvcsnhemudkvyyd2wwf6hdwhcc4h3rd6gu4i2v57afbhjjo4nqlq%2F12.jpg&w=240&q=80&output=webp,https://nftstorage.link/ipfs/bafybeicvcsnhemudkvyyd2wwf6hdwhcc4h3rd6gu4i2v57afbhjjo4nqlq/12.jpg
coffee,14,13,13.jpg,coffee-014.webp,$20,https://wsrv.nl/?url=https%3A%2F%2Fnftstorage.link%2Fipfs%2Fbafybeicvcsnhemudkvyyd2wwf6hdwhcc4h3rd6gu4i2v57afbhjjo4nqlq%2F13.jpg&w=240&q=80&output=webp,https://nftstorage.link/ipfs/bafybeicvcsnhemudkvyyd2wwf6hdwhcc4h3rd6gu4i2v57afbhjjo4nqlq/13.jpg
coffee,15,14,14.jpg,coffee-015.webp,$20,https://wsrv.nl/?url=https%3A%2F%2Fnftstorage.link%2Fipfs%2Fbafybeicvcsnhemudkvyyd2wwf6hdwhcc4h3rd6gu4i2v57afbhjjo4nqlq%2F14.jpg&w=240&q=80&output=webp,https://nftstorage.link/ipfs/bafybeicvcsnhemudkvyyd2wwf6hdwhcc4h3rd6gu4i2v57afbhjjo4nqlq/14.jpg
coffee,16,15,15.jpg,coffee-016.webp,$20,https://wsrv.nl/?url=https%3A%2F%2Fnftstorage.link%2Fipfs%2Fbafybeicvcsnhemudkvyyd2wwf6hdwhcc4h3rd6gu4i2v57afbhjjo4nqlq%2F15.jpg&w=240&q=80&output=webp,https://nftstorage.link/ipfs/bafybeicvcsnhemudkvyyd2wwf6hdwhcc4h3rd6gu4i2v57afbhjjo4nqlq/15.jpg
coffee,17,16,16.jpg,coffee-017.webp,$20,https://wsrv.nl/?url=https%3A%2F%2Fnftstorage.link%2Fipfs%2Fbafybeicvcsnhemudkvyyd2wwf6hdwhcc4h3rd6gu4i2v57afbhjjo4nqlq%2F16.jpg&w=240&q=80&output=webp,https://nftstorage.link/ipfs/bafybeicvcsnhemudkvyyd2wwf6hdwhcc4h3rd6gu4i2v57afbhjjo4nqlq/16.jpg
coffee,18,17,17.jpg,coffee-018.webp,$20,https://wsrv.nl/?url=https%3A%2F%2Fnftstorage.link%2Fipfs%2Fbafybeicvcsnhemudkvyyd2wwf6hdwhcc4h3rd6gu4i2v57afbhjjo4nqlq%2F17.jpg&w=240&q=80&output=webp,https://nftstorage.link/ipfs/bafybeicvcsnhemudkvyyd2wwf6hdwhcc4h3rd6gu4i2v57afbhjjo4nqlq/17.jpg
coffee,19,18,18.jpg,coffee-019.webp,$20,https://wsrv.nl/?url=https%3A%2F%2Fnftstorage.link%2Fipfs%2Fbafybeicvcsnhemudkvyyd2wwf6hdwhcc4h3rd6gu4i2v57afbhjjo4nqlq%2F18.jpg&w=240&q=80&output=webp,https://nftstorage.link/ipfs/bafybeicvcsnhemudkvyyd2wwf6hdwhcc4h3rd6gu4i2v57afbhjjo4nqlq/18.jpg
coffee,20,19,19.jpg,coffee-020.webp,$20,https://wsrv.nl/?url=https%3A%2F%2Fnftstorage.link%2Fipfs%2Fbafybeicvcsnhemudkvyyd2wwf6hdwhcc4h3rd6gu4i2v57afbhjjo4nqlq%2F19.jpg&w=240&q=80&output=webp,https://nftstorage.link/ipfs/bafybeicvcsnhemudkvyyd2wwf6hdwhcc4h3rd6gu4i2v57afbhjjo4nqlq/19.jpg
coffee,21,20,20.jpg,coffee-021.webp,$20,https://wsrv.nl/?url=https%3A%2F%2Fnftstorage.link%2Fipfs%2Fbafybeicvcsnhemudkvyyd2wwf6hdwhcc4h3rd6gu4i2v57afbhjjo4nqlq%2F20.jpg&w=240&q=80&output=webp,https://nftstorage.link/ipfs/bafybeicvcsnhemudkvyyd2wwf6hdwhcc4h3rd6gu4i2v57afbhjjo4nqlq/20.jpg
coffee,22,21,21.jpg,coffee-022.webp,$20,https://wsrv.nl/?url=https%3A%2F%2Fnftstorage.link%2Fipfs%2Fbafybeicvcsnhemudkvyyd2wwf6hdwhcc4h3rd6gu4i2v57afbhjjo4nqlq%2F21.jpg&w=240&q=80&output=webp,https://nftstorage.link/ipfs/bafybeicvcsnhemudkvyyd2wwf6hdwhcc4h3rd6gu4i2v57afbhjjo4nqlq/21.jpg
coffee,23,22,22.jpg,coffee-023.webp,$20,https://wsrv.nl/?url=https%3A%2F%2Fnftstorage.link%2Fipfs%2Fbafybeicvcsnhemudkvyyd2wwf6hdwhcc4h3rd6gu4i2v57afbhjjo4nqlq%2F22.jpg&w=240&q=80&output=webp,https://nftstorage.link/ipfs/bafybeicvcsnhemudkvyyd2wwf6hdwhcc4h3rd6gu4i2v57afbhjjo4nqlq/22.jpg
coffee,24,23,23.jpg,coffee-024.webp,$20,https://wsrv.nl/?url=https%3A%2F%2Fnftstorage.link%2Fipfs%2Fbafybeicvcsnhemudkvyyd2wwf6hdwhcc4h3rd6gu4i2v57afbhjjo4nqlq%2F23.jpg&w=240&q=80&output=webp,https://nftstorage.link/ipfs/bafybeicvcsnhemudkvyyd2wwf6hdwhcc4h3rd6gu4i2v57afbhjjo4nqlq/23.jpg
coffee,25,24,24.jpg,coffee-025.webp,$20,https://wsrv.nl/?url=https%3A%2F%2Fnftstorage.link%2Fipfs%2Fbafybeicvcsnhemudkvyyd2wwf6hdwhcc4h3rd6gu4i2v57afbhjjo4nqlq%2F24.jpg&w=240&q=80&output=webp,https://nftstorage.link/ipfs/bafybeicvcsnhemudkvyyd2wwf6hdwhcc4h3rd6gu4i2v57afbhjjo4nqlq/24.jpg
coffee,26,25,25.jpg,coffee-026.webp,$20,https://wsrv.nl/?url=https%3A%2F%2Fnftstorage.link%2Fipfs%2Fbafybeicvcsnhemudkvyyd2wwf6hdwhcc4h3rd6gu4i2v57afbhjjo4nqlq%2F25.jpg&w=240&q=80&output=webp,https://nftstorage.link/ipfs/bafybeicvcsnhemudkvyyd2wwf6hdwhcc4h3rd6gu4i2v57afbhjjo4nqlq/25.jpg
coffee,27,26,26.jpg,coffee-027.webp,$20,https://wsrv.nl/?url=https%3A%2F%2Fnftstorage.link%2Fipfs%2Fbafybeicvcsnhemudkvyyd2wwf6hdwhcc4h3rd6gu4i2v57afbhjjo4nqlq%2F26.jpg&w=240&q=80&output=webp,https://nftstorage.link/ipfs/bafybeicvcsnhemudkvyyd2wwf6hdwhcc4h3rd6gu4i2v57afbhjjo4nqlq/26.jpg
coffee,28,27,27.jpg,coffee-028.webp,$20,https://wsrv.nl/?url=https%3A%2F%2Fnftstorage.link%2Fipfs%2Fbafybeicvcsnhemudkvyyd2wwf6hdwhcc4h3rd6gu4i2v57afbhjjo4nqlq%2F27.jpg&w=240&q=80&output=webp,https://nftstorage.link/ipfs/bafybeicvcsnhemudkvyyd2wwf6hdwhcc4h3rd6gu4i2v57afbhjjo4nqlq/27.jpg
coffee,29,28,28.jpg,coffee-029.webp,$20,https://wsrv.nl/?url=https%3A%2F%2Fnftstorage.link%2Fipfs%2Fbafybeicvcsnhemudkvyyd2wwf6hdwhcc4h3rd6gu4i2v57afbhjjo4nqlq%2F28.jpg&w=240&q=80&output=webp,https://nftstorage.link/ipfs/bafybeicvcsnhemudkvyyd2wwf6hdwhcc4h3rd6gu4i2v57afbhjjo4nqlq/28.jpg
coffee,30,29,29.jpg,coffee-030.webp,$20,https://wsrv.nl/?url=https%3A%2F%2Fnftstorage.link%2Fipfs%2Fbafybeicvcsnhemudkvyyd2wwf6hdwhcc4h3rd6gu4i2v57afbhjjo4nqlq%2F29.jpg&w=240&q=80&output=webp,https://nftstorage.link/ipfs/bafybeicvcsnhemudkvyyd2wwf6hdwhcc4h3rd6gu4i2v57afbhjjo4nqlq/29.jpg
coffee,31,30,30.jpg,coffee-031.webp,$20,https://wsrv.nl/?url=https%3A%2F%2Fnftstorage.link%2Fipfs%2Fbafybeicvcsnhemudkvyyd2wwf6hdwhcc4h3rd6gu4i2v57afbhjjo4nqlq%2F30.jpg&w=240&q=80&output=webp,https://nftstorage.link/ipfs/bafybeicvcsnhemudkvyyd2wwf6hdwhcc4h3rd6gu4i2v57afbhjjo4nqlq/30.jpg
coffee,32,31,31.jpg,coffee-032.webp,$20,https://wsrv.nl/?url=https%3A%2F%2Fnftstorage.link%2Fipfs%2Fbafybeicvcsnhemudkvyyd2wwf6hdwhcc4h3rd6gu4i2v57afbhjjo4nqlq%2F31.jpg&w=240&q=80&output=webp,https://nftstorage.link/ipfs/bafybeicvcsnhemudkvyyd2wwf6hdwhcc4h3rd6gu4i2v57afbhjjo4nqlq/31.jpg
coffee,33,32,32.jpg,coffee-033.webp,$20,https://wsrv.nl/?url=https%3A%2F%2Fnftstorage.link%2Fipfs%2Fbafybeicvcsnhemudkvyyd2wwf6hdwhcc4h3rd6gu4i2v57afbhjjo4nqlq%2F32.jpg&w=240&q=80&output=webp,https://nftstorage.link/ipfs/bafybeicvcsnhemudkvyyd2wwf6hdwhcc4h3rd6gu4i2v57afbhjjo4nqlq/32.jpg
coffee,34,33,33.jpg,coffee-034.webp,$20,https://wsrv.nl/?url=https%3A%2F%2Fnftstorage.link%2Fipfs%2Fbafybeicvcsnhemudkvyyd2wwf6hdwhcc4h3rd6gu4i2v57afbhjjo4nqlq%2F33.jpg&w=240&q=80&output=webp,https://nftstorage.link/ipfs/bafybeicvcsnhemudkvyyd2wwf6hdwhcc4h3rd6gu4i2v57afbhjjo4nqlq/33.jpg
coffee,35,34,34.jpg,coffee-035.webp,$20,https://wsrv.nl/?url=https%3A%2F%2Fnftstorage.link%2Fipfs%2Fbafybeicvcsnhemudkvyyd2wwf6hdwhcc4h3rd6gu4i2v57afbhjjo4nqlq%2F34.jpg&w=240&q=80&output=webp,https://nftstorage.link/ipfs/bafybeicvcsnhemudkvyyd2wwf6hdwhcc4h3rd6gu4i2v57afbhjjo4nqlq/34.jpg
coffee,36,35,35.jpg,coffee-036.webp,$20,https://wsrv.nl/?url=https%3A%2F%2Fnftstorage.link%2Fipfs%2Fbafybeicvcsnhemudkvyyd2wwf6hdwhcc4h3rd6gu4i2v57afbhjjo4nqlq%2F35.jpg&w=240&q=80&output=webp,https://nftstorage.link/ipfs/bafybeicvcsnhemudkvyyd2wwf6hdwhcc4h3rd6gu4i2v57afbhjjo4nqlq/35.jpg
coffee,37,36,36.jpg,coffee-037.webp,$20,https://wsrv.nl/?url=https%3A%2F%2Fnftstorage.link%2Fipfs%2Fbafybeicvcsnhemudkvyyd2wwf6hdwhcc4h3rd6gu4i2v57afbhjjo4nqlq%2F36.jpg&w=240&q=80&output=webp,https://nftstorage.link/ipfs/bafybeicvcsnhemudkvyyd2wwf6hdwhcc4h3rd6gu4i2v57afbhjjo4nqlq/36.jpg
coffee,38,37,37.jpg,coffee-038.webp,$20,https://wsrv.nl/?url=https%3A%2F%2Fnftstorage.link%2Fipfs%2Fbafybeicvcsnhemudkvyyd2wwf6hdwhcc4h3rd6gu4i2v57afbhjjo4nqlq%2F37.jpg&w=240&q=80&output=webp,https://nftstorage.link/ipfs/bafybeicvcsnhemudkvyyd2wwf6hdwhcc4h3rd6gu4i2v57afbhjjo4nqlq/37.jpg
coffee,39,38,38.jpg,coffee-039.webp,$20,https://wsrv.nl/?url=https%3A%2F%2Fnftstorage.link%2Fipfs%2Fbafybeicvcsnhemudkvyyd2wwf6hdwhcc4h3rd6gu4i2v57afbhjjo4nqlq%2F38.jpg&w=240&q=80&output=webp,https://nftstorage.link/ipfs/bafybeicvcsnhemudkvyyd2wwf6hdwhcc4h3rd6gu4i2v57afbhjjo4nqlq/38.jpg
coffee,40,39,39.jpg,coffee-040.webp,$20,https://wsrv.nl/?url=https%3A%2F%2Fnftstorage.link%2Fipfs%2Fbafybeicvcsnhemudkvyyd2wwf6hdwhcc4h3rd6gu4i2v57afbhjjo4nqlq%2F39.jpg&w=240&q=80&output=webp,https://nftstorage.link/ipfs/bafybeicvcsnhemudkvyyd2wwf6hdwhcc4h3rd6gu4i2v57afbhjjo4nqlq/39.jpg
coffee,41,40,40.jpg,coffee-041.webp,$20,https://wsrv.nl/?url=https%3A%2F%2Fnftstorage.link%2Fipfs%2Fbafybeicvcsnhemudkvyyd2wwf6hdwhcc4h3rd6gu4i2v57afbhjjo4nqlq%2F40.jpg&w=240&q=80&output=webp,https://nftstorage.link/ipfs/bafybeicvcsnhemudkvyyd2wwf6hdwhcc4h3rd6gu4i2v57afbhjjo4nqlq/40.jpg
coffee,42,41,41.jpg,coffee-042.webp,$20,https://wsrv.nl/?url=https%3A%2F%2Fnftstorage.link%2Fipfs%2Fbafybeicvcsnhemudkvyyd2wwf6hdwhcc4h3rd6gu4i2v57afbhjjo4nqlq%2F41.jpg&w=240&q=80&output=webp,https://nftstorage.link/ipfs/bafybeicvcsnhemudkvyyd2wwf6hdwhcc4h3rd6gu4i2v57afbhjjo4nqlq/41.jpg
coffee,43,42,42.jpg,coffee-043.webp,$20,https://wsrv.nl/?url=https%3A%2F%2Fnftstorage.link%2Fipfs%2Fbafybeicvcsnhemudkvyyd2wwf6hdwhcc4h3rd6gu4i2v57afbhjjo4nqlq%2F42.jpg&w=240&q=80&output=webp,https://nftstorage.link/ipfs/bafybeicvcsnhemudkvyyd2wwf6hdwhcc4h3rd6gu4i2v57afbhjjo4nqlq/42.jpg
coffee,44,43,43.jpg,coffee-044.webp,$20,https://wsrv.nl/?url=https%3A%2F%2Fnftstorage.link%2Fipfs%2Fbafybeicvcsnhemudkvyyd2wwf6hdwhcc4h3rd6gu4i2v57afbhjjo4nqlq%2F43.jpg&w=240&q=80&output=webp,https://nftstorage.link/ipfs/bafybeicvcsnhemudkvyyd2wwf6hdwhcc4h3rd6gu4i2v57afbhjjo4nqlq/43.jpg
coffee,45,44,44.jpg,coffee-045.webp,$20,https://wsrv.nl/?url=https%3A%2F%2Fnftstorage.link%2Fipfs%2Fbafybeicvcsnhemudkvyyd2wwf6hdwhcc4h3rd6gu4i2v57afbhjjo4nqlq%2F44.jpg&w=240&q=80&output=webp,https://nftstorage.link/ipfs/bafybeicvcsnhemudkvyyd2wwf6hdwhcc4h3rd6gu4i2v57afbhjjo4nqlq/44.jpg
coffee,46,45,45.jpg,coffee-046.webp,$20,https://wsrv.nl/?url=https%3A%2F%2Fnftstorage.link%2Fipfs%2Fbafybeicvcsnhemudkvyyd2wwf6hdwhcc4h3rd6gu4i2v57afbhjjo4nqlq%2F45.jpg&w=240&q=80&output=webp,https://nftstorage.link/ipfs/bafybeicvcsnhemudkvyyd2wwf6hdwhcc4h3rd6gu4i2v57afbhjjo4nqlq/45.jpg
coffee,47,46,46.jpg,coffee-047.webp,$20,https://wsrv.nl/?url=https%3A%2F%2Fnftstorage.link%2Fipfs%2Fbafybeicvcsnhemudkvyyd2wwf6hdwhcc4h3rd6gu4i2v57afbhjjo4nqlq%2F46.jpg&w=240&q=80&output=webp,https://nftstorage.link/ipfs/bafybeicvcsnhemudkvyyd2wwf6hdwhcc4h3rd6gu4i2v57afbhjjo4nqlq/46.jpg
coffee,48,47,47.jpg,coffee-048.webp,$20,https://wsrv.nl/?url=https%3A%2F%2Fnftstorage.link%2Fipfs%2Fbafybeicvcsnhemudkvyyd2wwf6hdwhcc4h3rd6gu4i2v57afbhjjo4nqlq%2F47.jpg&w=240&q=80&output=webp,https://nftstorage.link/ipfs/bafybeicvcsnhemudkvyyd2wwf6hdwhcc4h3rd6gu4i2v57afbhjjo4nqlq/47.jpg
coffee,49,48,48.jpg,coffee-049.webp,$20,https://wsrv.nl/?url=https%3A%2F%2Fnftstorage.link%2Fipfs%2Fbafybeicvcsnhemudkvyyd2wwf6hdwhcc4h3rd6gu4i2v57afbhjjo4nqlq%2F48.jpg&w=240&q=80&output=webp,https://nftstorage.link/ipfs/bafybeicvcsnhemudkvyyd2wwf6hdwhcc4h3rd6gu4i2v57afbhjjo4nqlq/48.jpg
series2,1,0,49.jpg,series2-001.webp,$30,https://wsrv.nl/?url=https%3A%2F%2Fnftstorage.link%2Fipfs%2Fbafybeicvcsnhemudkvyyd2wwf6hdwhcc4h3rd6gu4i2v57afbhjjo4nqlq%2F49.jpg&w=240&q=80&output=webp,https://nftstorage.link/ipfs/bafybeicvcsnhemudkvyyd2wwf6hdwhcc4h3rd6gu4i2v57afbhjjo4nqlq/49.jpg
series2,2,1,50.jpg,series2-002.webp,$30,https://wsrv.nl/?url=https%3A%2F%2Fnftstorage.link%2Fipfs%2Fbafybeicvcsnhemudkvyyd2wwf6hdwhcc4h3rd6gu4i2v57afbhjjo4nqlq%2F50.jpg&w=240&q=80&output=webp,https://nftstorage.link/ipfs/bafybeicvcsnhemudkvyyd2wwf6hdwhcc4h3rd6gu4i2v57afbhjjo4nqlq/50.jpg
series2,3,2,51.jpg,series2-003.webp,$30,https://wsrv.nl/?url=https%3A%2F%2Fnftstorage.link%2Fipfs%2Fbafybeicvcsnhemudkvyyd2wwf6hdwhcc4h3rd6gu4i2v57afbhjjo4nqlq%2F51.jpg&w=240&q=80&output=webp,https://nftstorage.link/ipfs/bafybeicvcsnhemudkvyyd2wwf6hdwhcc4h3rd6gu4i2v57afbhjjo4nqlq/51.jpg
series2,4,3,52.jpg,series2-004.webp,$30,https://wsrv.nl/?url=https%3A%2F%2Fnftstorage.link%2Fipfs%2Fbafybeicvcsnhemudkvyyd2wwf6hdwhcc4h3rd6gu4i2v57afbhjjo4nqlq%2F52.jpg&w=240&q=80&output=webp,https://nftstorage.link/ipfs/bafybeicvcsnhemudkvyyd2wwf6hdwhcc4h3rd6gu4i2v57afbhjjo4nqlq/52.jpg
series2,5,4,53.jpg,series2-005.webp,$30,https://wsrv.nl/?url=https%3A%2F%2Fnftstorage.link%2Fipfs%2Fbafybeicvcsnhemudkvyyd2wwf6hdwhcc4h3rd6gu4i2v57afbhjjo4nqlq%2F53.jpg&w=240&q=80&output=webp,https://nftstorage.link/ipfs/bafybeicvcsnhemudkvyyd2wwf6hdwhcc4h3rd6gu4i2v57afbhjjo4nqlq/53.jpg
series2,6,5,54.jpg,series2-006.webp,$30,https://wsrv.nl/?url=https%3A%2F%2Fnftstorage.link%2Fipfs%2Fbafybeicvcsnhemudkvyyd2wwf6hdwhcc4h3rd6gu4i2v57afbhjjo4nqlq%2F54.jpg&w=240&q=80&output=webp,https://nftstorage.link/ipfs/bafybeicvcsnhemudkvyyd2wwf6hdwhcc4h3rd6gu4i2v57afbhjjo4nqlq/54.jpg
series2,7,6,55.jpg,series2-007.webp,$30,https://wsrv.nl/?url=https%3A%2F%2Fnftstorage.link%2Fipfs%2Fbafybeicvcsnhemudkvyyd2wwf6hdwhcc4h3rd6gu4i2v57afbhjjo4nqlq%2F55.jpg&w=240&q=80&output=webp,https://nftstorage.link/ipfs/bafybeicvcsnhemudkvyyd2wwf6hdwhcc4h3rd6gu4i2v57afbhjjo4nqlq/55.jpg
series2,8,7,56.jpg,series2-008.webp,$30,https://wsrv.nl/?url=https%3A%2F%2Fnftstorage.link%2Fipfs%2Fbafybeicvcsnhemudkvyyd2wwf6hdwhcc4h3rd6gu4i2v57afbhjjo4nqlq%2F56.jpg&w=240&q=80&output=webp,https://nftstorage.link/ipfs/bafybeicvcsnhemudkvyyd2wwf6hdwhcc4h3rd6gu4i2v57afbhjjo4nqlq/56.jpg
series2,9,8,57.jpg,series2-009.webp,$30,https://wsrv.nl/?url=https%3A%2F%2Fnftstorage.link%2Fipfs%2Fbafybeicvcsnhemudkvyyd2wwf6hdwhcc4h3rd6gu4i2v57afbhjjo4nqlq%2F57.jpg&w=240&q=80&output=webp,https://nftstorage.link/ipfs/bafybeicvcsnhemudkvyyd2wwf6hdwhcc4h3rd6gu4i2v57afbhjjo4nqlq/57.jpg
series2,10,9,58.jpg,series2-010.webp,$30,https://wsrv.nl/?url=https%3A%2F%2Fnftstorage.link%2Fipfs%2Fbafybeicvcsnhemudkvyyd2wwf6hdwhcc4h3rd6gu4i2v57afbhjjo4nqlq%2F58.jpg&w=240&q=80&output=webp,https://nftstorage.link/ipfs/bafybeicvcsnhemudkvyyd2wwf6hdwhcc4h3rd6gu4i2v57afbhjjo4nqlq/58.jpg
series2,11,10,59.jpg,series2-011.webp,$30,https://wsrv.nl/?url=https%3A%2F%2Fnftstorage.link%2Fipfs%2Fbafybeicvcsnhemudkvyyd2wwf6hdwhcc4h3rd6gu4i2v57afbhjjo4nqlq%2F59.jpg&w=240&q=80&output=webp,https://nftstorage.link/ipfs/bafybeicvcsnhemudkvyyd2wwf6hdwhcc4h3rd6gu4i2v57afbhjjo4nqlq/59.jpg
series2,12,11,60.jpg,series2-012.webp,$30,https://wsrv.nl/?url=https%3A%2F%2Fnftstorage.link%2Fipfs%2Fbafybeicvcsnhemudkvyyd2wwf6hdwhcc4h3rd6gu4i2v57afbhjjo4nqlq%2F60.jpg&w=240&q=80&output=webp,https://nftstorage.link/ipfs/bafybeicvcsnhemudkvyyd2wwf6hdwhcc4h3rd6gu4i2v57afbhjjo4nqlq/60.jpg
series2,13,12,61.jpg,series2-013.webp,$30,https://wsrv.nl/?url=https%3A%2F%2Fnftstorage.link%2Fipfs%2Fbafybeicvcsnhemudkvyyd2wwf6hdwhcc4h3rd6gu4i2v57afbhjjo4nqlq%2F61.jpg&w=240&q=80&output=webp,https://nftstorage.link/ipfs/bafybeicvcsnhemudkvyyd2wwf6hdwhcc4h3rd6gu4i2v57afbhjjo4nqlq/61.jpg
series2,14,13,62.jpg,series2-014.webp,$30,https://wsrv.nl/?url=https%3A%2F%2Fnftstorage.link%2Fipfs%2Fbafybeicvcsnhemudkvyyd2wwf6hdwhcc4h3rd6gu4i2v57afbhjjo4nqlq%2F62.jpg&w=240&q=80&output=webp,https://nftstorage.link/ipfs/bafybeicvcsnhemudkvyyd2wwf6hdwhcc4h3rd6gu4i2v57afbhjjo4nqlq/62.jpg
series2,15,14,63.jpg,series2-015.webp,$30,https://wsrv.nl/?url=https%3A%2F%2Fnftstorage.link%2Fipfs%2Fbafybeicvcsnhemudkvyyd2wwf6hdwhcc4h3rd6gu4i2v57afbhjjo4nqlq%2F63.jpg&w=240&q=80&output=webp,https://nftstorage.link/ipfs/bafybeicvcsnhemudkvyyd2wwf6hdwhcc4h3rd6gu4i2v57afbhjjo4nqlq/63.jpg
series2,16,15,64.jpg,series2-016.webp,$30,https://wsrv.nl/?url=https%3A%2F%2Fnftstorage.link%2Fipfs%2Fbafybeicvcsnhemudkvyyd2wwf6hdwhcc4h3rd6gu4i2v57afbhjjo4nqlq%2F64.jpg&w=240&q=80&output=webp,https://nftstorage.link/ipfs/bafybeicvcsnhemudkvyyd2wwf6hdwhcc4h3rd6gu4i2v57afbhjjo4nqlq/64.jpg
series2,17,16,65.jpg,series2-017.webp,$30,https://wsrv.nl/?url=https%3A%2F%2Fnftstorage.link%2Fipfs%2Fbafybeicvcsnhemudkvyyd2wwf6hdwhcc4h3rd6gu4i2v57afbhjjo4nqlq%2F65.jpg&w=240&q=80&output=webp,https://nftstorage.link/ipfs/bafybeicvcsnhemudkvyyd2wwf6hdwhcc4h3rd6gu4i2v57afbhjjo4nqlq/65.jpg
series2,18,17,66.jpg,series2-018.webp,$30,https://wsrv.nl/?url=https%3A%2F%2Fnftstorage.link%2Fipfs%2Fbafybeicvcsnhemudkvyyd2wwf6hdwhcc4h3rd6gu4i2v57afbhjjo4nqlq%2F66.jpg&w=240&q=80&output=webp,https://nftstorage.link/ipfs/bafybeicvcsnhemudkvyyd2wwf6hdwhcc4h3rd6gu4i2v57afbhjjo4nqlq/66.jpg
series2,19,18,67.jpg,series2-019.webp,$30,https://wsrv.nl/?url=https%3A%2F%2Fnftstorage.link%2Fipfs%2Fbafybeicvcsnhemudkvyyd2wwf6hdwhcc4h3rd6gu4i2v57afbhjjo4nqlq%2F67.jpg&w=240&q=80&output=webp,https://nftstorage.link/ipfs/bafybeicvcsnhemudkvyyd2wwf6hdwhcc4h3rd6gu4i2v57afbhjjo4nqlq/67.jpg
series2,20,19,68.jpg,series2-020.webp,$30,https://wsrv.nl/?url=https%3A%2F%2Fnftstorage.link%2Fipfs%2Fbafybeicvcsnhemudkvyyd2wwf6hdwhcc4h3rd6gu4i2v57afbhjjo4nqlq%2F68.jpg&w=240&q=80&output=webp,https://nftstorage.link/ipfs/bafybeicvcsnhemudkvyyd2wwf6hdwhcc4h3rd6gu4i2v57afbhjjo4nqlq/68.jpg
series2,21,20,69.jpg,series2-021.webp,$30,https://wsrv.nl/?url=https%3A%2F%2Fnftstorage.link%2Fipfs%2Fbafybeicvcsnhemudkvyyd2wwf6hdwhcc4h3rd6gu4i2v57afbhjjo4nqlq%2F69.jpg&w=240&q=80&output=webp,https://nftstorage.link/ipfs/bafybeicvcsnhemudkvyyd2wwf6hdwhcc4h3rd6gu4i2v57afbhjjo4nqlq/69.jpg
series2,22,21,70.jpg,series2-022.webp,$30,https://wsrv.nl/?url=https%3A%2F%2Fnftstorage.link%2Fipfs%2Fbafybeicvcsnhemudkvyyd2wwf6hdwhcc4h3rd6gu4i2v57afbhjjo4nqlq%2F70.jpg&w=240&q=80&output=webp,https://nftstorage.link/ipfs/bafybeicvcsnhemudkvyyd2wwf6hdwhcc4h3rd6gu4i2v57afbhjjo4nqlq/70.jpg
series2,23,22,71.jpg,series2-023.webp,$30,https://wsrv.nl/?url=https%3A%2F%2Fnftstorage.link%2Fipfs%2Fbafybeicvcsnhemudkvyyd2wwf6hdwhcc4h3rd6gu4i2v57afbhjjo4nqlq%2F71.jpg&w=240&q=80&output=webp,https://nftstorage.link/ipfs/bafybeicvcsnhemudkvyyd2wwf6hdwhcc4h3rd6gu4i2v57afbhjjo4nqlq/71.jpg
series2,24,23,72.jpg,series2-024.webp,$30,https://wsrv.nl/?url=https%3A%2F%2Fnftstorage.link%2Fipfs%2Fbafybeicvcsnhemudkvyyd2wwf6hdwhcc4h3rd6gu4i2v57afbhjjo4nqlq%2F72.jpg&w=240&q=80&output=webp,https://nftstorage.link/ipfs/bafybeicvcsnhemudkvyyd2wwf6hdwhcc4h3rd6gu4i2v57afbhjjo4nqlq/72.jpg
series2,25,24,73.jpg,series2-025.webp,$30,https://wsrv.nl/?url=https%3A%2F%2Fnftstorage.link%2Fipfs%2Fbafybeicvcsnhemudkvyyd2wwf6hdwhcc4h3rd6gu4i2v57afbhjjo4nqlq%2F73.jpg&w=240&q=80&output=webp,https://nftstorage.link/ipfs/bafybeicvcsnhemudkvyyd2wwf6hdwhcc4h3rd6gu4i2v57afbhjjo4nqlq/73.jpg
series2,26,25,74.jpg,series2-026.webp,$30,https://wsrv.nl/?url=https%3A%2F%2Fnftstorage.link%2Fipfs%2Fbafybeicvcsnhemudkvyyd2wwf6hdwhcc4h3rd6gu4i2v57afbhjjo4nqlq%2F74.jpg&w=240&q=80&output=webp,https://nftstorage.link/ipfs/bafybeicvcsnhemudkvyyd2wwf6hdwhcc4h3rd6gu4i2v57afbhjjo4nqlq/74.jpg
series2,27,26,75.jpg,series2-027.webp,$30,https://wsrv.nl/?url=https%3A%2F%2Fnftstorage.link%2Fipfs%2Fbafybeicvcsnhemudkvyyd2wwf6hdwhcc4h3rd6gu4i2v57afbhjjo4nqlq%2F75.jpg&w=240&q=80&output=webp,https://nftstorage.link/ipfs/bafybeicvcsnhemudkvyyd2wwf6hdwhcc4h3rd6gu4i2v57afbhjjo4nqlq/75.jpg
series2,28,27,76.jpg,series2-028.webp,$30,https://wsrv.nl/?url=https%3A%2F%2Fnftstorage.link%2Fipfs%2Fbafybeicvcsnhemudkvyyd2wwf6hdwhcc4h3rd6gu4i2v57afbhjjo4nqlq%2F76.jpg&w=240&q=80&output=webp,https://nftstorage.link/ipfs/bafybeicvcsnhemudkvyyd2wwf6hdwhcc4h3rd6gu4i2v57afbhjjo4nqlq/76.jpg
series2,29,28,77.jpg,series2-029.webp,$30,https://wsrv.nl/?url=https%3A%2F%2Fnftstorage.link%2Fipfs%2Fbafybeicvcsnhemudkvyyd2wwf6hdwhcc4h3rd6gu4i2v57afbhjjo4nqlq%2F77.jpg&w=240&q=80&output=webp,https://nftstorage.link/ipfs/bafybeicvcsnhemudkvyyd2wwf6hdwhcc4h3rd6gu4i2v57afbhjjo4nqlq/77.jpg
series2,30,29,78.jpg,series2-030.webp,$30,https://wsrv.nl/?url=https%3A%2F%2Fnftstorage.link%2Fipfs%2Fbafybeicvcsnhemudkvyyd2wwf6hdwhcc4h3rd6gu4i2v57afbhjjo4nqlq%2F78.jpg&w=240&q=80&output=webp,https://nftstorage.link/ipfs/bafybeicvcsnhemudkvyyd2wwf6hdwhcc4h3rd6gu4i2v57afbhjjo4nqlq/78.jpg
series2,31,30,79.jpg,series2-031.webp,$30,https://wsrv.nl/?url=https%3A%2F%2Fnftstorage.link%2Fipfs%2Fbafybeicvcsnhemudkvyyd2wwf6hdwhcc4h3rd6gu4i2v57afbhjjo4nqlq%2F79.jpg&w=240&q=80&output=webp,https://nftstorage.link/ipfs/bafybeicvcsnhemudkvyyd2wwf6hdwhcc4h3rd6gu4i2v57afbhjjo4nqlq/79.jpg
series2,32,31,80.jpg,series2-032.webp,$30,https://wsrv.nl/?url=https%3A%2F%2Fnftstorage.link%2Fipfs%2Fbafybeicvcsnhemudkvyyd2wwf6hdwhcc4h3rd6gu4i2v57afbhjjo4nqlq%2F80.jpg&w=240&q=80&output=webp,https://nftstorage.link/ipfs/bafybeicvcsnhemudkvyyd2wwf6hdwhcc4h3rd6gu4i2v57afbhjjo4nqlq/80.jpg
series2,33,32,81.jpg,series2-033.webp,$30,https://wsrv.nl/?url=https%3A%2F%2Fnftstorage.link%2Fipfs%2Fbafybeicvcsnhemudkvyyd2wwf6hdwhcc4h3rd6gu4i2v57afbhjjo4nqlq%2F81.jpg&w=240&q=80&output=webp,https://nftstorage.link/ipfs/bafybeicvcsnhemudkvyyd2wwf6hdwhcc4h3rd6gu4i2v57afbhjjo4nqlq/81.jpg
series2,34,33,82.jpg,series2-034.webp,$30,https://wsrv.nl/?url=https%3A%2F%2Fnftstorage.link%2Fipfs%2Fbafybeicvcsnhemudkvyyd2wwf6hdwhcc4h3rd6gu4i2v57afbhjjo4nqlq%2F82.jpg&w=240&q=80&output=webp,https://nftstorage.link/ipfs/bafybeicvcsnhemudkvyyd2wwf6hdwhcc4h3rd6gu4i2v57afbhjjo4nqlq/82.jpg
series2,35,34,83.jpg,series2-035.webp,$30,https://wsrv.nl/?url=https%3A%2F%2Fnftstorage.link%2Fipfs%2Fbafybeicvcsnhemudkvyyd2wwf6hdwhcc4h3rd6gu4i2v57afbhjjo4nqlq%2F83.jpg&w=240&q=80&output=webp,https://nftstorage.link/ipfs/bafybeicvcsnhemudkvyyd2wwf6hdwhcc4h3rd6gu4i2v57afbhjjo4nqlq/83.jpg
series2,36,35,84.jpg,series2-036.webp,$30,https://wsrv.nl/?url=https%3A%2F%2Fnftstorage.link%2Fipfs%2Fbafybeicvcsnhemudkvyyd2wwf6hdwhcc4h3rd6gu4i2v57afbhjjo4nqlq%2F84.jpg&w=240&q=80&output=webp,https://nftstorage.link/ipfs/bafybeicvcsnhemudkvyyd2wwf6hdwhcc4h3rd6gu4i2v57afbhjjo4nqlq/84.jpg
series2,37,36,85.jpg,series2-037.webp,$30,https://wsrv.nl/?url=https%3A%2F%2Fnftstorage.link%2Fipfs%2Fbafybeicvcsnhemudkvyyd2wwf6hdwhcc4h3rd6gu4i2v57afbhjjo4nqlq%2F85.jpg&w=240&q=80&output=webp,https://nftstorage.link/ipfs/bafybeicvcsnhemudkvyyd2wwf6hdwhcc4h3rd6gu4i2v57afbhjjo4nqlq/85.jpg
series2,38,37,86.jpg,series2-038.webp,$30,https://wsrv.nl/?url=https%3A%2F%2Fnftstorage.link%2Fipfs%2Fbafybeicvcsnhemudkvyyd2wwf6hdwhcc4h3rd6gu4i2v57afbhjjo4nqlq%2F86.jpg&w=240&q=80&output=webp,https://nftstorage.link/ipfs/bafybeicvcsnhemudkvyyd2wwf6hdwhcc4h3rd6gu4i2v57afbhjjo4nqlq/86.jpg
series2,39,38,87.jpg,series2-039.webp,$30,https://wsrv.nl/?url=https%3A%2F%2Fnftstorage.link%2Fipfs%2Fbafybeicvcsnhemudkvyyd2wwf6hdwhcc4h3rd6gu4i2v57afbhjjo4nqlq%2F87.jpg&w=240&q=80&output=webp,https://nftstorage.link/ipfs/bafybeicvcsnhemudkvyyd2wwf6hdwhcc4h3rd6gu4i2v57afbhjjo4nqlq/87.jpg
series2,40,39,88.jpg,series2-040.webp,$30,https://wsrv.nl/?url=https%3A%2F%2Fnftstorage.link%2Fipfs%2Fbafybeicvcsnhemudkvyyd2wwf6hdwhcc4h3rd6gu4i2v57afbhjjo4nqlq%2F88.jpg&w=240&q=80&output=webp,https://nftstorage.link/ipfs/bafybeicvcsnhemudkvyyd2wwf6hdwhcc4h3rd6gu4i2v57afbhjjo4nqlq/88.jpg
series2,41,40,89.jpg,series2-041.webp,$30,https://wsrv.nl/?url=https%3A%2F%2Fnftstorage.link%2Fipfs%2Fbafybeicvcsnhemudkvyyd2wwf6hdwhcc4h3rd6gu4i2v57afbhjjo4nqlq%2F89.jpg&w=240&q=80&output=webp,https://nftstorage.link/ipfs/bafybeicvcsnhemudkvyyd2wwf6hdwhcc4h3rd6gu4i2v57afbhjjo4nqlq/89.jpg
series2,42,41,90.jpg,series2-042.webp,$30,https://wsrv.nl/?url=https%3A%2F%2Fnftstorage.link%2Fipfs%2Fbafybeicvcsnhemudkvyyd2wwf6hdwhcc4h3rd6gu4i2v57afbhjjo4nqlq%2F90.jpg&w=240&q=80&output=webp,https://nftstorage.link/ipfs/bafybeicvcsnhemudkvyyd2wwf6hdwhcc4h3rd6gu4i2v57afbhjjo4nqlq/90.jpg
series2,43,42,91.jpg,series2-043.webp,$30,https://wsrv.nl/?url=https%3A%2F%2Fnftstorage.link%2Fipfs%2Fbafybeicvcsnhemudkvyyd2wwf6hdwhcc4h3rd6gu4i2v57afbhjjo4nqlq%2F91.jpg&w=240&q=80&output=webp,https://nftstorage.link/ipfs/bafybeicvcsnhemudkvyyd2wwf6hdwhcc4h3rd6gu4i2v57afbhjjo4nqlq/91.jpg
series2,44,43,92.jpg,series2-044.webp,$30,https://wsrv.nl/?url=https%3A%2F%2Fnftstorage.link%2Fipfs%2Fbafybeicvcsnhemudkvyyd2wwf6hdwhcc4h3rd6gu4i2v57afbhjjo4nqlq%2F92.jpg&w=240&q=80&output=webp,https://nftstorage.link/ipfs/bafybeicvcsnhemudkvyyd2wwf6hdwhcc4h3rd6gu4i2v57afbhjjo4nqlq/92.jpg
series2,45,44,93.jpg,series2-045.webp,$30,https://wsrv.nl/?url=https%3A%2F%2Fnftstorage.link%2Fipfs%2Fbafybeicvcsnhemudkvyyd2wwf6hdwhcc4h3rd6gu4i2v57afbhjjo4nqlq%2F93.jpg&w=240&q=80&output=webp,https://nftstorage.link/ipfs/bafybeicvcsnhemudkvyyd2wwf6hdwhcc4h3rd6gu4i2v57afbhjjo4nqlq/93.jpg
series2,46,45,94.jpg,series2-046.webp,$30,https://wsrv.nl/?url=https%3A%2F%2Fnftstorage.link%2Fipfs%2Fbafybeicvcsnhemudkvyyd2wwf6hdwhcc4h3rd6gu4i2v57afbhjjo4nqlq%2F94.jpg&w=240&q=80&output=webp,https://nftstorage.link/ipfs/bafybeicvcsnhemudkvyyd2wwf6hdwhcc4h3rd6gu4i2v57afbhjjo4nqlq/94.jpg
series2,47,46,95.jpg,series2-047.webp,$30,https://wsrv.nl/?url=https%3A%2F%2Fnftstorage.link%2Fipfs%2Fbafybeicvcsnhemudkvyyd2wwf6hdwhcc4h3rd6gu4i2v57afbhjjo4nqlq%2F95.jpg&w=240&q=80&output=webp,https://nftstorage.link/ipfs/bafybeicvcsnhemudkvyyd2wwf6hdwhcc4h3rd6gu4i2v57afbhjjo4nqlq/95.jpg
series2,48,47,96.jpg,series2-048.webp,$30,https://wsrv.nl/?url=https%3A%2F%2Fnftstorage.link%2Fipfs%2Fbafybeicvcsnhemudkvyyd2wwf6hdwhcc4h3rd6gu4i2v57afbhjjo4nqlq%2F96.jpg&w=240&q=80&output=webp,https://nftstorage.link/ipfs/bafybeicvcsnhemudkvyyd2wwf6hdwhcc4h3rd6gu4i2v57afbhjjo4nqlq/96.jpg
series2,49,48,97.jpg,series2-049.webp,$30,https://wsrv.nl/?url=https%3A%2F%2Fnftstorage.link%2Fipfs%2Fbafybeicvcsnhemudkvyyd2wwf6hdwhcc4h3rd6gu4i2v57afbhjjo4nqlq%2F97.jpg&w=240&q=80&output=webp,https://nftstorage.link/ipfs/bafybeicvcsnhemudkvyyd2wwf6hdwhcc4h3rd6gu4i2v57afbhjjo4nqlq/97.jpg
series2,50,49,98.jpg,series2-050.webp,$30,https://wsrv.nl/?url=https%3A%2F%2Fnftstorage.link%2Fipfs%2Fbafybeicvcsnhemudkvyyd2wwf6hdwhcc4h3rd6gu4i2v57afbhjjo4nqlq%2F98.jpg&w=240&q=80&output=webp,https://nftstorage.link/ipfs/bafybeicvcsnhemudkvyyd2wwf6hdwhcc4h3rd6gu4i2v57afbhjjo4nqlq/98.jpg
series2,51,50,99.jpg,series2-051.webp,$30,https://wsrv.nl/?url=https%3A%2F%2Fnftstorage.link%2Fipfs%2Fbafybeicvcsnhemudkvyyd2wwf6hdwhcc4h3rd6gu4i2v57afbhjjo4nqlq%2F99.jpg&w=240&q=80&output=webp,https://nftstorage.link/ipfs/bafybeicvcsnhemudkvyyd2wwf6hdwhcc4h3rd6gu4i2v57afbhjjo4nqlq/99.jpg
series2,52,51,100.jpg,series2-052.webp,$30,https://wsrv.nl/?url=https%3A%2F%2Fnftstorage.link%2Fipfs%2Fbafybeicvcsnhemudkvyyd2wwf6hdwhcc4h3rd6gu4i2v57afbhjjo4nqlq%2F100.jpg&w=240&q=80&output=webp,https://nftstorage.link/ipfs/bafybeicvcsnhemudkvyyd2wwf6hdwhcc4h3rd6gu4i2v57afbhjjo4nqlq/100.jpg
series2,53,52,101.jpg,series2-053.webp,$30,https://wsrv.nl/?url=https%3A%2F%2Fnftstorage.link%2Fipfs%2Fbafybeicvcsnhemudkvyyd2wwf6hdwhcc4h3rd6gu4i2v57afbhjjo4nqlq%2F101.jpg&w=240&q=80&output=webp,https://nftstorage.link/ipfs/bafybeicvcsnhemudkvyyd2wwf6hdwhcc4h3rd6gu4i2v57afbhjjo4nqlq/101.jpg
series2,54,53,102.jpg,series2-054.webp,$30,https://wsrv.nl/?url=https%3A%2F%2Fnftstorage.link%2Fipfs%2Fbafybeicvcsnhemudkvyyd2wwf6hdwhcc4h3rd6gu4i2v57afbhjjo4nqlq%2F102.jpg&w=240&q=80&output=webp,https://nftstorage.link/ipfs/bafybeicvcsnhemudkvyyd2wwf6hdwhcc4h3rd6gu4i2v57afbhjjo4nqlq/102.jpg
series2,55,54,103.jpg,series2-055.webp,$30,https://wsrv.nl/?url=https%3A%2F%2Fnftstorage.link%2Fipfs%2Fbafybeicvcsnhemudkvyyd2wwf6hdwhcc4h3rd6gu4i2v57afbhjjo4nqlq%2F103.jpg&w=240&q=80&output=webp,https://nftstorage.link/ipfs/bafybeicvcsnhemudkvyyd2wwf6hdwhcc4h3rd6gu4i2v57afbhjjo4nqlq/103.jpg
series2,56,55,104.jpg,series2-056.webp,$30,https://wsrv.nl/?url=https%3A%2F%2Fnftstorage.link%2Fipfs%2Fbafybeicvcsnhemudkvyyd2wwf6hdwhcc4h3rd6gu4i2v57afbhjjo4nqlq%2F104.jpg&w=240&q=80&output=webp,https://nftstorage.link/ipfs/bafybeicvcsnhemudkvyyd2wwf6hdwhcc4h3rd6gu4i2v57afbhjjo4nqlq/104.jpg
series2,57,56,105.jpg,series2-057.webp,$30,https://wsrv.nl/?url=https%3A%2F%2Fnftstorage.link%2Fipfs%2Fbafybeicvcsnhemudkvyyd2wwf6hdwhcc4h3rd6gu4i2v57afbhjjo4nqlq%2F105.jpg&w=240&q=80&output=webp,https://nftstorage.link/ipfs/bafybeicvcsnhemudkvyyd2wwf6hdwhcc4h3rd6gu4i2v57afbhjjo4nqlq/105.jpg
series2,58,57,106.jpg,series2-058.webp,$30,https://wsrv.nl/?url=https%3A%2F%2Fnftstorage.link%2Fipfs%2Fbafybeicvcsnhemudkvyyd2wwf6hdwhcc4h3rd6gu4i2v57afbhjjo4nqlq%2F106.jpg&w=240&q=80&output=webp,https://nftstorage.link/ipfs/bafybeicvcsnhemudkvyyd2wwf6hdwhcc4h3rd6gu4i2v57afbhjjo4nqlq/106.jpg
series2,59,58,107.jpg,series2-059.webp,$30,https://wsrv.nl/?url=https%3A%2F%2Fnftstorage.link%2Fipfs%2Fbafybeicvcsnhemudkvyyd2wwf6hdwhcc4h3rd6gu4i2v57afbhjjo4nqlq%2F107.jpg&w=240&q=80&output=webp,https://nftstorage.link/ipfs/bafybeicvcsnhemudkvyyd2wwf6hdwhcc4h3rd6gu4i2v57afbhjjo4nqlq/107.jpg
series2,60,59,108.jpg,series2-060.webp,$30,https://wsrv.nl/?url=https%3A%2F%2Fnftstorage.link%2Fipfs%2Fbafybeicvcsnhemudkvyyd2wwf6hdwhcc4h3rd6gu4i2v57afbhjjo4nqlq%2F108.jpg&w=240&q=80&output=webp,https://nftstorage.link/ipfs/bafybeicvcsnhemudkvyyd2wwf6hdwhcc4h3rd6gu4i2v57afbhjjo4nqlq/108.jpg
series5,1,0,109.jpg,series5-001.webp,$50,https://wsrv.nl/?url=https%3A%2F%2Fnftstorage.link%2Fipfs%2Fbafybeicvcsnhemudkvyyd2wwf6hdwhcc4h3rd6gu4i2v57afbhjjo4nqlq%2F109.jpg&w=240&q=80&output=webp,https://nftstorage.link/ipfs/bafybeicvcsnhemudkvyyd2wwf6hdwhcc4h3rd6gu4i2v57afbhjjo4nqlq/109.jpg
series5,2,1,110.jpg,series5-002.webp,$50,https://wsrv.nl/?url=https%3A%2F%2Fnftstorage.link%2Fipfs%2Fbafybeicvcsnhemudkvyyd2wwf6hdwhcc4h3rd6gu4i2v57afbhjjo4nqlq%2F110.jpg&w=240&q=80&output=webp,https://nftstorage.link/ipfs/bafybeicvcsnhemudkvyyd2wwf6hdwhcc4h3rd6gu4i2v57afbhjjo4nqlq/110.jpg
series5,3,2,111.jpg,series5-003.webp,$50,https://wsrv.nl/?url=https%3A%2F%2Fnftstorage.link%2Fipfs%2Fbafybeicvcsnhemudkvyyd2wwf6hdwhcc4h3rd6gu4i2v57afbhjjo4nqlq%2F111.jpg&w=240&q=80&output=webp,https://nftstorage.link/ipfs/bafybeicvcsnhemudkvyyd2wwf6hdwhcc4h3rd6gu4i2v57afbhjjo4nqlq/111.jpg
series5,4,3,112.jpg,series5-004.webp,$50,https://wsrv.nl/?url=https%3A%2F%2Fnftstorage.link%2Fipfs%2Fbafybeicvcsnhemudkvyyd2wwf6hdwhcc4h3rd6gu4i2v57afbhjjo4nqlq%2F112.jpg&w=240&q=80&output=webp,https://nftstorage.link/ipfs/bafybeicvcsnhemudkvyyd2wwf6hdwhcc4h3rd6gu4i2v57afbhjjo4nqlq/112.jpg
series5,5,4,113.jpg,series5-005.webp,$50,https://wsrv.nl/?url=https%3A%2F%2Fnftstorage.link%2Fipfs%2Fbafybeicvcsnhemudkvyyd2wwf6hdwhcc4h3rd6gu4i2v57afbhjjo4nqlq%2F113.jpg&w=240&q=80&output=webp,https://nftstorage.link/ipfs/bafybeicvcsnhemudkvyyd2wwf6hdwhcc4h3rd6gu4i2v57afbhjjo4nqlq/113.jpg
series5,6,5,114.jpg,series5-006.webp,$50,https://wsrv.nl/?url=https%3A%2F%2Fnftstorage.link%2Fipfs%2Fbafybeicvcsnhemudkvyyd2wwf6hdwhcc4h3rd6gu4i2v57afbhjjo4nqlq%2F114.jpg&w=240&q=80&output=webp,https://nftstorage.link/ipfs/bafybeicvcsnhemudkvyyd2wwf6hdwhcc4h3rd6gu4i2v57afbhjjo4nqlq/114.jpg
series5,7,6,115.jpg,series5-007.webp,$50,https://wsrv.nl/?url=https%3A%2F%2Fnftstorage.link%2Fipfs%2Fbafybeicvcsnhemudkvyyd2wwf6hdwhcc4h3rd6gu4i2v57afbhjjo4nqlq%2F115.jpg&w=240&q=80&output=webp,https://nftstorage.link/ipfs/bafybeicvcsnhemudkvyyd2wwf6hdwhcc4h3rd6gu4i2v57afbhjjo4nqlq/115.jpg
series5,8,7,116.jpg,series5-008.webp,$50,https://wsrv.nl/?url=https%3A%2F%2Fnftstorage.link%2Fipfs%2Fbafybeicvcsnhemudkvyyd2wwf6hdwhcc4h3rd6gu4i2v57afbhjjo4nqlq%2F116.jpg&w=240&q=80&output=webp,https://nftstorage.link/ipfs/bafybeicvcsnhemudkvyyd2wwf6hdwhcc4h3rd6gu4i2v57afbhjjo4nqlq/116.jpg
series5,9,8,117.jpg,series5-009.webp,$50,https://wsrv.nl/?url=https%3A%2F%2Fnftstorage.link%2Fipfs%2Fbafybeicvcsnhemudkvyyd2wwf6hdwhcc4h3rd6gu4i2v57afbhjjo4nqlq%2F117.jpg&w=240&q=80&output=webp,https://nftstorage.link/ipfs/bafybeicvcsnhemudkvyyd2wwf6hdwhcc4h3rd6gu4i2v57afbhjjo4nqlq/117.jpg
series5,10,9,118.jpg,series5-010.webp,$50,https://wsrv.nl/?url=https%3A%2F%2Fnftstorage.link%2Fipfs%2Fbafybeicvcsnhemudkvyyd2wwf6hdwhcc4h3rd6gu4i2v57afbhjjo4nqlq%2F118.jpg&w=240&q=80&output=webp,https://nftstorage.link/ipfs/bafybeicvcsnhemudkvyyd2wwf6hdwhcc4h3rd6gu4i2v57afbhjjo4nqlq/118.jpg
series5,11,10,119.jpg,series5-011.webp,$50,https://wsrv.nl/?url=https%3A%2F%2Fnftstorage.link%2Fipfs%2Fbafybeicvcsnhemudkvyyd2wwf6hdwhcc4h3rd6gu4i2v57afbhjjo4nqlq%2F119.jpg&w=240&q=80&output=webp,https://nftstorage.link/ipfs/bafybeicvcsnhemudkvyyd2wwf6hdwhcc4h3rd6gu4i2v57afbhjjo4nqlq/119.jpg
series5,12,11,120.jpg,series5-012.webp,$50,https://wsrv.nl/?url=https%3A%2F%2Fnftstorage.link%2Fipfs%2Fbafybeicvcsnhemudkvyyd2wwf6hdwhcc4h3rd6gu4i2v57afbhjjo4nqlq%2F120.jpg&w=240&q=80&output=webp,https://nftstorage.link/ipfs/bafybeicvcsnhemudkvyyd2wwf6hdwhcc4h3rd6gu4i2v57afbhjjo4nqlq/120.jpg
series5,13,12,121.jpg,series5-013.webp,$50,https://wsrv.nl/?url=https%3A%2F%2Fnftstorage.link%2Fipfs%2Fbafybeicvcsnhemudkvyyd2wwf6hdwhcc4h3rd6gu4i2v57afbhjjo4nqlq%2F121.jpg&w=240&q=80&output=webp,https://nftstorage.link/ipfs/bafybeicvcsnhemudkvyyd2wwf6hdwhcc4h3rd6gu4i2v57afbhjjo4nqlq/121.jpg
series5,14,13,122.jpg,series5-014.webp,$50,https://wsrv.nl/?url=https%3A%2F%2Fnftstorage.link%2Fipfs%2Fbafybeicvcsnhemudkvyyd2wwf6hdwhcc4h3rd6gu4i2v57afbhjjo4nqlq%2F122.jpg&w=240&q=80&output=webp,https://nftstorage.link/ipfs/bafybeicvcsnhemudkvyyd2wwf6hdwhcc4h3rd6gu4i2v57afbhjjo4nqlq/122.jpg
series5,15,14,123.jpg,series5-015.webp,$50,https://wsrv.nl/?url=https%3A%2F%2Fnftstorage.link%2Fipfs%2Fbafybeicvcsnhemudkvyyd2wwf6hdwhcc4h3rd6gu4i2v57afbhjjo4nqlq%2F123.jpg&w=240&q=80&output=webp,https://nftstorage.link/ipfs/bafybeicvcsnhemudkvyyd2wwf6hdwhcc4h3rd6gu4i2v57afbhjjo4nqlq/123.jpg
series5,16,15,124.jpg,series5-016.webp,$50,https://wsrv.nl/?url=https%3A%2F%2Fnftstorage.link%2Fipfs%2Fbafybeicvcsnhemudkvyyd2wwf6hdwhcc4h3rd6gu4i2v57afbhjjo4nqlq%2F124.jpg&w=240&q=80&output=webp,https://nftstorage.link/ipfs/bafybeicvcsnhemudkvyyd2wwf6hdwhcc4h3rd6gu4i2v57afbhjjo4nqlq/124.jpg
series5,17,16,125.jpg,series5-017.webp,$50,https://wsrv.nl/?url=https%3A%2F%2Fnftstorage.link%2Fipfs%2Fbafybeicvcsnhemudkvyyd2wwf6hdwhcc4h3rd6gu4i2v57afbhjjo4nqlq%2F125.jpg&w=240&q=80&output=webp,https://nftstorage.link/ipfs/bafybeicvcsnhemudkvyyd2wwf6hdwhcc4h3rd6gu4i2v57afbhjjo4nqlq/125.jpg
series5,18,17,126.jpg,series5-018.webp,$50,https://wsrv.nl/?url=https%3A%2F%2Fnftstorage.link%2Fipfs%2Fbafybeicvcsnhemudkvyyd2wwf6hdwhcc4h3rd6gu4i2v57afbhjjo4nqlq%2F126.jpg&w=240&q=80&output=webp,https://nftstorage.link/ipfs/bafybeicvcsnhemudkvyyd2wwf6hdwhcc4h3rd6gu4i2v57afbhjjo4nqlq/126.jpg
series5,19,18,127.jpg,series5-019.webp,$50,https://wsrv.nl/?url=https%3A%2F%2Fnftstorage.link%2Fipfs%2Fbafybeicvcsnhemudkvyyd2wwf6hdwhcc4h3rd6gu4i2v57afbhjjo4nqlq%2F127.jpg&w=240&q=80&output=webp,https://nftstorage.link/ipfs/bafybeicvcsnhemudkvyyd2wwf6hdwhcc4h3rd6gu4i2v57afbhjjo4nqlq/127.jpg
series5,20,19,128.jpg,series5-020.webp,$50,https://wsrv.nl/?url=https%3A%2F%2Fnftstorage.link%2Fipfs%2Fbafybeicvcsnhemudkvyyd2wwf6hdwhcc4h3rd6gu4i2v57afbhjjo4nqlq%2F128.jpg&w=240&q=80&output=webp,https://nftstorage.link/ipfs/bafybeicvcsnhemudkvyyd2wwf6hdwhcc4h3rd6gu4i2v57afbhjjo4nqlq/128.jpg
series5,21,20,129.jpg,series5-021.webp,$50,https://wsrv.nl/?url=https%3A%2F%2Fnftstorage.link%2Fipfs%2Fbafybeicvcsnhemudkvyyd2wwf6hdwhcc4h3rd6gu4i2v57afbhjjo4nqlq%2F129.jpg&w=240&q=80&output=webp,https://nftstorage.link/ipfs/bafybeicvcsnhemudkvyyd2wwf6hdwhcc4h3rd6gu4i2v57afbhjjo4nqlq/129.jpg
series5,22,21,130.jpg,series5-022.webp,$50,https://wsrv.nl/?url=https%3A%2F%2Fnftstorage.link%2Fipfs%2Fbafybeicvcsnhemudkvyyd2wwf6hdwhcc4h3rd6gu4i2v57afbhjjo4nqlq%2F130.jpg&w=240&q=80&output=webp,https://nftstorage.link/ipfs/bafybeicvcsnhemudkvyyd2wwf6hdwhcc4h3rd6gu4i2v57afbhjjo4nqlq/130.jpg
series5,23,22,131.jpg,series5-023.webp,$50,https://wsrv.nl/?url=https%3A%2F%2Fnftstorage.link%2Fipfs%2Fbafybeicvcsnhemudkvyyd2wwf6hdwhcc4h3rd6gu4i2v57afbhjjo4nqlq%2F131.jpg&w=240&q=80&output=webp,https://nftstorage.link/ipfs/bafybeicvcsnhemudkvyyd2wwf6hdwhcc4h3rd6gu4i2v57afbhjjo4nqlq/131.jpg
series5,24,23,132.jpg,series5-024.webp,$50,https://wsrv.nl/?url=https%3A%2F%2Fnftstorage.link%2Fipfs%2Fbafybeicvcsnhemudkvyyd2wwf6hdwhcc4h3rd6gu4i2v57afbhjjo4nqlq%2F132.jpg&w=240&q=80&output=webp,https://nftstorage.link/ipfs/bafybeicvcsnhemudkvyyd2wwf6hdwhcc4h3rd6gu4i2v57afbhjjo4nqlq/132.jpg
series5,25,24,133.jpg,series5-025.webp,$50,https://wsrv.nl/?url=https%3A%2F%2Fnftstorage.link%2Fipfs%2Fbafybeicvcsnhemudkvyyd2wwf6hdwhcc4h3rd6gu4i2v57afbhjjo4nqlq%2F133.jpg&w=240&q=80&output=webp,https://nftstorage.link/ipfs/bafybeicvcsnhemudkvyyd2wwf6hdwhcc4h3rd6gu4i2v57afbhjjo4nqlq/133.jpg
series5,26,25,134.jpg,series5-026.webp,$50,https://wsrv.nl/?url=https%3A%2F%2Fnftstorage.link%2Fipfs%2Fbafybeicvcsnhemudkvyyd2wwf6hdwhcc4h3rd6gu4i2v57afbhjjo4nqlq%2F134.jpg&w=240&q=80&output=webp,https://nftstorage.link/ipfs/bafybeicvcsnhemudkvyyd2wwf6hdwhcc4h3rd6gu4i2v57afbhjjo4nqlq/134.jpg
series5,27,26,135.jpg,series5-027.webp,$50,https://wsrv.nl/?url=https%3A%2F%2Fnftstorage.link%2Fipfs%2Fbafybeicvcsnhemudkvyyd2wwf6hdwhcc4h3rd6gu4i2v57afbhjjo4nqlq%2F135.jpg&w=240&q=80&output=webp,https://nftstorage.link/ipfs/bafybeicvcsnhemudkvyyd2wwf6hdwhcc4h3rd6gu4i2v57afbhjjo4nqlq/135.jpg
series5,28,27,136.jpg,series5-028.webp,$50,https://wsrv.nl/?url=https%3A%2F%2Fnftstorage.link%2Fipfs%2Fbafybeicvcsnhemudkvyyd2wwf6hdwhcc4h3rd6gu4i2v57afbhjjo4nqlq%2F136.jpg&w=240&q=80&output=webp,https://nftstorage.link/ipfs/bafybeicvcsnhemudkvyyd2wwf6hdwhcc4h3rd6gu4i2v57afbhjjo4nqlq/136.jpg
series5,29,28,137.jpg,series5-029.webp,$50,https://wsrv.nl/?url=https%3A%2F%2Fnftstorage.link%2Fipfs%2Fbafybeicvcsnhemudkvyyd2wwf6hdwhcc4h3rd6gu4i2v57afbhjjo4nqlq%2F137.jpg&w=240&q=80&output=webp,https://nftstorage.link/ipfs/bafybeicvcsnhemudkvyyd2wwf6hdwhcc4h3rd6gu4i2v57afbhjjo4nqlq/137.jpg
series5,30,29,138.jpg,series5-030.webp,$50,https://wsrv.nl/?url=https%3A%2F%2Fnftstorage.link%2Fipfs%2Fbafybeicvcsnhemudkvyyd2wwf6hdwhcc4h3rd6gu4i2v57afbhjjo4nqlq%2F138.jpg&w=240&q=80&output=webp,https://nftstorage.link/ipfs/bafybeicvcsnhemudkvyyd2wwf6hdwhcc4h3rd6gu4i2v57afbhjjo4nqlq/138.jpg
series5,31,30,139.jpg,series5-031.webp,$50,https://wsrv.nl/?url=https%3A%2F%2Fnftstorage.link%2Fipfs%2Fbafybeicvcsnhemudkvyyd2wwf6hdwhcc4h3rd6gu4i2v57afbhjjo4nqlq%2F139.jpg&w=240&q=80&output=webp,https://nftstorage.link/ipfs/bafybeicvcsnhemudkvyyd2wwf6hdwhcc4h3rd6gu4i2v57afbhjjo4nqlq/139.jpg
series5,32,31,140.jpg,series5-032.webp,$50,https://wsrv.nl/?url=https%3A%2F%2Fnftstorage.link%2Fipfs%2Fbafybeicvcsnhemudkvyyd2wwf6hdwhcc4h3rd6gu4i2v57afbhjjo4nqlq%2F140.jpg&w=240&q=80&output=webp,https://nftstorage.link/ipfs/bafybeicvcsnhemudkvyyd2wwf6hdwhcc4h3rd6gu4i2v57afbhjjo4nqlq/140.jpg
series5,33,32,141.jpg,series5-033.webp,$50,https://wsrv.nl/?url=https%3A%2F%2Fnftstorage.link%2Fipfs%2Fbafybeicvcsnhemudkvyyd2wwf6hdwhcc4h3rd6gu4i2v57afbhjjo4nqlq%2F141.jpg&w=240&q=80&output=webp,https://nftstorage.link/ipfs/bafybeicvcsnhemudkvyyd2wwf6hdwhcc4h3rd6gu4i2v57afbhjjo4nqlq/141.jpg
series5,34,33,142.jpg,series5-034.webp,$50,https://wsrv.nl/?url=https%3A%2F%2Fnftstorage.link%2Fipfs%2Fbafybeicvcsnhemudkvyyd2wwf6hdwhcc4h3rd6gu4i2v57afbhjjo4nqlq%2F142.jpg&w=240&q=80&output=webp,https://nftstorage.link/ipfs/bafybeicvcsnhemudkvyyd2wwf6hdwhcc4h3rd6gu4i2v57afbhjjo4nqlq/142.jpg
series5,35,34,143.jpg,series5-035.webp,$50,https://wsrv.nl/?url=https%3A%2F%2Fnftstorage.link%2Fipfs%2Fbafybeicvcsnhemudkvyyd2wwf6hdwhcc4h3rd6gu4i2v57afbhjjo4nqlq%2F143.jpg&w=240&q=80&output=webp,https://nftstorage.link/ipfs/bafybeicvcsnhemudkvyyd2wwf6hdwhcc4h3rd6gu4i2v57afbhjjo4nqlq/143.jpg
series5,36,35,144.jpg,series5-036.webp,$50,https://wsrv.nl/?url=https%3A%2F%2Fnftstorage.link%2Fipfs%2Fbafybeicvcsnhemudkvyyd2wwf6hdwhcc4h3rd6gu4i2v57afbhjjo4nqlq%2F144.jpg&w=240&q=80&output=webp,https://nftstorage.link/ipfs/bafybeicvcsnhemudkvyyd2wwf6hdwhcc4h3rd6gu4i2v57afbhjjo4nqlq/144.jpg
series5,37,36,145.jpg,series5-037.webp,$50,https://wsrv.nl/?url=https%3A%2F%2Fnftstorage.link%2Fipfs%2Fbafybeicvcsnhemudkvyyd2wwf6hdwhcc4h3rd6gu4i2v57afbhjjo4nqlq%2F145.jpg&w=240&q=80&output=webp,https://nftstorage.link/ipfs/bafybeicvcsnhemudkvyyd2wwf6hdwhcc4h3rd6gu4i2v57afbhjjo4nqlq/145.jpg
series5,38,37,146.jpg,series5-038.webp,$50,https://wsrv.nl/?url=https%3A%2F%2Fnftstorage.link%2Fipfs%2Fbafybeicvcsnhemudkvyyd2wwf6hdwhcc4h3rd6gu4i2v57afbhjjo4nqlq%2F146.jpg&w=240&q=80&output=webp,https://nftstorage.link/ipfs/bafybeicvcsnhemudkvyyd2wwf6hdwhcc4h3rd6gu4i2v57afbhjjo4nqlq/146.jpg
series5,39,38,147.jpg,series5-039.webp,$50,https://wsrv.nl/?url=https%3A%2F%2Fnftstorage.link%2Fipfs%2Fbafybeicvcsnhemudkvyyd2wwf6hdwhcc4h3rd6gu4i2v57afbhjjo4nqlq%2F147.jpg&w=240&q=80&output=webp,https://nftstorage.link/ipfs/bafybeicvcsnhemudkvyyd2wwf6hdwhcc4h3rd6gu4i2v57afbhjjo4nqlq/147.jpg
series5,40,39,148.jpg,series5-040.webp,$50,https://wsrv.nl/?url=https%3A%2F%2Fnftstorage.link%2Fipfs%2Fbafybeicvcsnhemudkvyyd2wwf6hdwhcc4h3rd6gu4i2v57afbhjjo4nqlq%2F148.jpg&w=240&q=80&output=webp,https://nftstorage.link/ipfs/bafybeicvcsnhemudkvyyd2wwf6hdwhcc4h3rd6gu4i2v57afbhjjo4nqlq/148.jpg
series5,41,40,149.jpg,series5-041.webp,$50,https://wsrv.nl/?url=https%3A%2F%2Fnftstorage.link%2Fipfs%2Fbafybeicvcsnhemudkvyyd2wwf6hdwhcc4h3rd6gu4i2v57afbhjjo4nqlq%2F149.jpg&w=240&q=80&output=webp,https://nftstorage.link/ipfs/bafybeicvcsnhemudkvyyd2wwf6hdwhcc4h3rd6gu4i2v57afbhjjo4nqlq/149.jpg
series5,42,41,150.jpg,series5-042.webp,$50,https://wsrv.nl/?url=https%3A%2F%2Fnftstorage.link%2Fipfs%2Fbafybeicvcsnhemudkvyyd2wwf6hdwhcc4h3rd6gu4i2v57afbhjjo4nqlq%2F150.jpg&w=240&q=80&output=webp,https://nftstorage.link/ipfs/bafybeicvcsnhemudkvyyd2wwf6hdwhcc4h3rd6gu4i2v57afbhjjo4nqlq/150.jpg
series5,43,42,151.jpg,series5-043.webp,$50,https://wsrv.nl/?url=https%3A%2F%2Fnftstorage.link%2Fipfs%2Fbafybeicvcsnhemudkvyyd2wwf6hdwhcc4h3rd6gu4i2v57afbhjjo4nqlq%2F151.jpg&w=240&q=80&output=webp,https://nftstorage.link/ipfs/bafybeicvcsnhemudkvyyd2wwf6hdwhcc4h3rd6gu4i2v57afbhjjo4nqlq/151.jpg
series5,44,43,152.jpg,series5-044.webp,$50,https://wsrv.nl/?url=https%3A%2F%2Fnftstorage.link%2Fipfs%2Fbafybeicvcsnhemudkvyyd2wwf6hdwhcc4h3rd6gu4i2v57afbhjjo4nqlq%2F152.jpg&w=240&q=80&output=webp,https://nftstorage.link/ipfs/bafybeicvcsnhemudkvyyd2wwf6hdwhcc4h3rd6gu4i2v57afbhjjo4nqlq/152.jpg
series5,45,44,153.jpg,series5-045.webp,$50,https://wsrv.nl/?url=https%3A%2F%2Fnftstorage.link%2Fipfs%2Fbafybeicvcsnhemudkvyyd2wwf6hdwhcc4h3rd6gu4i2v57afbhjjo4nqlq%2F153.jpg&w=240&q=80&output=webp,https://nftstorage.link/ipfs/bafybeicvcsnhemudkvyyd2wwf6hdwhcc4h3rd6gu4i2v57afbhjjo4nqlq/153.jpg
series5,46,45,154.jpg,series5-046.webp,$50,https://wsrv.nl/?url=https%3A%2F%2Fnftstorage.link%2Fipfs%2Fbafybeicvcsnhemudkvyyd2wwf6hdwhcc4h3rd6gu4i2v57afbhjjo4nqlq%2F154.jpg&w=240&q=80&output=webp,https://nftstorage.link/ipfs/bafybeicvcsnhemudkvyyd2wwf6hdwhcc4h3rd6gu4i2v57afbhjjo4nqlq/154.jpg
series5,47,46,155.jpg,series5-047.webp,$50,https://wsrv.nl/?url=https%3A%2F%2Fnftstorage.link%2Fipfs%2Fbafybeicvcsnhemudkvyyd2wwf6hdwhcc4h3rd6gu4i2v57afbhjjo4nqlq%2F155.jpg&w=240&q=80&output=webp,https://nftstorage.link/ipfs/bafybeicvcsnhemudkvyyd2wwf6hdwhcc4h3rd6gu4i2v57afbhjjo4nqlq/155.jpg
series5,48,47,156.jpg,series5-048.webp,$50,https://wsrv.nl/?url=https%3A%2F%2Fnftstorage.link%2Fipfs%2Fbafybeicvcsnhemudkvyyd2wwf6hdwhcc4h3rd6gu4i2v57afbhjjo4nqlq%2F156.jpg&w=240&q=80&output=webp,https://nftstorage.link/ipfs/bafybeicvcsnhemudkvyyd2wwf6hdwhcc4h3rd6gu4i2v57afbhjjo4nqlq/156.jpg
series5,49,48,157.jpg,series5-049.webp,$50,https://wsrv.nl/?url=https%3A%2F%2Fnftstorage.link%2Fipfs%2Fbafybeicvcsnhemudkvyyd2wwf6hdwhcc4h3rd6gu4i2v57afbhjjo4nqlq%2F157.jpg&w=240&q=80&output=webp,https://nftstorage.link/ipfs/bafybeicvcsnhemudkvyyd2wwf6hdwhcc4h3rd6gu4i2v57afbhjjo4nqlq/157.jpg
series5,50,49,158.jpg,series5-050.webp,$50,https://wsrv.nl/?url=https%3A%2F%2Fnftstorage.link%2Fipfs%2Fbafybeicvcsnhemudkvyyd2wwf6hdwhcc4h3rd6gu4i2v57afbhjjo4nqlq%2F158.jpg&w=240&q=80&output=webp,https://nftstorage.link/ipfs/bafybeicvcsnhemudkvyyd2wwf6hdwhcc4h3rd6gu4i2v57afbhjjo4nqlq/158.jpg
series5,51,50,159.jpg,series5-051.webp,$50,https://wsrv.nl/?url=https%3A%2F%2Fnftstorage.link%2Fipfs%2Fbafybeicvcsnhemudkvyyd2wwf6hdwhcc4h3rd6gu4i2v57afbhjjo4nqlq%2F159.jpg&w=240&q=80&output=webp,https://nftstorage.link/ipfs/bafybeicvcsnhemudkvyyd2wwf6hdwhcc4h3rd6gu4i2v57afbhjjo4nqlq/159.jpg
series5,52,51,160.jpg,series5-052.webp,$50,https://wsrv.nl/?url=https%3A%2F%2Fnftstorage.link%2Fipfs%2Fbafybeicvcsnhemudkvyyd2wwf6hdwhcc4h3rd6gu4i2v57afbhjjo4nqlq%2F160.jpg&w=240&q=80&output=webp,https://nftstorage.link/ipfs/bafybeicvcsnhemudkvyyd2wwf6hdwhcc4h3rd6gu4i2v57afbhjjo4nqlq/160.jpg
series5,53,52,161.jpg,series5-053.webp,$50,https://wsrv.nl/?url=https%3A%2F%2Fnftstorage.link%2Fipfs%2Fbafybeicvcsnhemudkvyyd2wwf6hdwhcc4h3rd6gu4i2v57afbhjjo4nqlq%2F161.jpg&w=240&q=80&output=webp,https://nftstorage.link/ipfs/bafybeicvcsnhemudkvyyd2wwf6hdwhcc4h3rd6gu4i2v57afbhjjo4nqlq/161.jpg
series5,54,53,162.jpg,series5-054.webp,$50,https://wsrv.nl/?url=https%3A%2F%2Fnftstorage.link%2Fipfs%2Fbafybeicvcsnhemudkvyyd2wwf6hdwhcc4h3rd6gu4i2v57afbhjjo4nqlq%2F162.jpg&w=240&q=80&output=webp,https://nftstorage.link/ipfs/bafybeicvcsnhemudkvyyd2wwf6hdwhcc4h3rd6gu4i2v57afbhjjo4nqlq/162.jpg
series5,55,54,163.jpg,series5-055.webp,$50,https://wsrv.nl/?url=https%3A%2F%2Fnftstorage.link%2Fipfs%2Fbafybeicvcsnhemudkvyyd2wwf6hdwhcc4h3rd6gu4i2v57afbhjjo4nqlq%2F163.jpg&w=240&q=80&output=webp,https://nftstorage.link/ipfs/bafybeicvcsnhemudkvyyd2wwf6hdwhcc4h3rd6gu4i2v57afbhjjo4nqlq/163.jpg
series5,56,55,164.jpg,series5-056.webp,$50,https://wsrv.nl/?url=https%3A%2F%2Fnftstorage.link%2Fipfs%2Fbafybeicvcsnhemudkvyyd2wwf6hdwhcc4h3rd6gu4i2v57afbhjjo4nqlq%2F164.jpg&w=240&q=80&output=webp,https://nftstorage.link/ipfs/bafybeicvcsnhemudkvyyd2wwf6hdwhcc4h3rd6gu4i2v57afbhjjo4nqlq/164.jpg
series5,57,56,165.jpg,series5-057.webp,$50,https://wsrv.nl/?url=https%3A%2F%2Fnftstorage.link%2Fipfs%2Fbafybeicvcsnhemudkvyyd2wwf6hdwhcc4h3rd6gu4i2v57afbhjjo4nqlq%2F165.jpg&w=240&q=80&output=webp,https://nftstorage.link/ipfs/bafybeicvcsnhemudkvyyd2wwf6hdwhcc4h3rd6gu4i2v57afbhjjo4nqlq/165.jpg
series5,58,57,166.jpg,series5-058.webp,$50,https://wsrv.nl/?url=https%3A%2F%2Fnftstorage.link%2Fipfs%2Fbafybeicvcsnhemudkvyyd2wwf6hdwhcc4h3rd6gu4i2v57afbhjjo4nqlq%2F166.jpg&w=240&q=80&output=webp,https://nftstorage.link/ipfs/bafybeicvcsnhemudkvyyd2wwf6hdwhcc4h3rd6gu4i2v57afbhjjo4nqlq/166.jpg
series5,59,58,167.jpg,series5-059.webp,$50,https://wsrv.nl/?url=https%3A%2F%2Fnftstorage.link%2Fipfs%2Fbafybeicvcsnhemudkvyyd2wwf6hdwhcc4h3rd6gu4i2v57afbhjjo4nqlq%2F167.jpg&w=240&q=80&output=webp,https://nftstorage.link/ipfs/bafybeicvcsnhemudkvyyd2wwf6hdwhcc4h3rd6gu4i2v57afbhjjo4nqlq/167.jpg
series5,60,59,168.jpg,series5-060.webp,$50,https://wsrv.nl/?url=https%3A%2F%2Fnftstorage.link%2Fipfs%2Fbafybeicvcsnhemudkvyyd2wwf6hdwhcc4h3rd6gu4i2v57afbhjjo4nqlq%2F168.jpg&w=240&q=80&output=webp,https://nftstorage.link/ipfs/bafybeicvcsnhemudkvyyd2wwf6hdwhcc4h3rd6gu4i2v57afbhjjo4nqlq/168.jpg
series5,61,60,169.jpg,series5-061.webp,$50,https://wsrv.nl/?url=https%3A%2F%2Fnftstorage.link%2Fipfs%2Fbafybeicvcsnhemudkvyyd2wwf6hdwhcc4h3rd6gu4i2v57afbhjjo4nqlq%2F169.jpg&w=240&q=80&output=webp,https://nftstorage.link/ipfs/bafybeicvcsnhemudkvyyd2wwf6hdwhcc4h3rd6gu4i2v57afbhjjo4nqlq/169.jpg
series5,62,61,170.jpg,series5-062.webp,$50,https://wsrv.nl/?url=https%3A%2F%2Fnftstorage.link%2Fipfs%2Fbafybeicvcsnhemudkvyyd2wwf6hdwhcc4h3rd6gu4i2v57afbhjjo4nqlq%2F170.jpg&w=240&q=80&output=webp,https://nftstorage.link/ipfs/bafybeicvcsnhemudkvyyd2wwf6hdwhcc4h3rd6gu4i2v57afbhjjo4nqlq/170.jpg
series5,63,62,171.jpg,series5-063.webp,$50,https://wsrv.nl/?url=https%3A%2F%2Fnftstorage.link%2Fipfs%2Fbafybeicvcsnhemudkvyyd2wwf6hdwhcc4h3rd6gu4i2v57afbhjjo4nqlq%2F171.jpg&w=240&q=80&output=webp,https://nftstorage.link/ipfs/bafybeicvcsnhemudkvyyd2wwf6hdwhcc4h3rd6gu4i2v57afbhjjo4nqlq/171.jpg
